1,4932,1,452,512,669,702,655,566,471,555
2,8133,1,717,649,697,723,613,553,659,642
3,10257,1,552,587,645,708,741,649,710,551
4,10989,1,491,612,680,636,625,591,637,546
5,12297,1,532,688,450,604,602,692,486,514
6,22410,1,629,499,554,625,502,536,677,592
7,22925,1,596,688,414,660,688,748,749,695
8,25018,1,693,481,402,598,498,478,566,515
9,25395,1,501,605,568,557,582,498,458,504
10,28238,1,761,505,720,486,646,721,656,646
11,28285,1,347,652,498,486,480,481,456,322
12,29380,1,421,502,508,455,432,474,599,464
13,30642,1,534,495,368,598,548,468,539,617
14,33745,1,565,565,403,463,508,589,456,474
15,35949,1,707,721,589,709,688,762,506,551
16,36098,1,871,552,518,726,725,707,590,665
17,36379,1,422,521,553,482,541,417,442,533
18,39369,1,649,513,498,589,710,448,424,525
19,41018,1,579,564,702,435,565,590,666,533
20,41196,1,502,562,398,573,607,510,457,543
21,48237,1,525,567,673,635,771,764,494,730
22,51911,1,476,540,523,682,410,388,508,509
23,52480,1,462,759,776,622,710,741,801,399
24,53099,1,520,663,620,600,578,784,488,625
25,55168,1,656,741,573,521,735,615,564,598
26,55568,1,491,563,415,600,463,450,495,551
27,55887,1,364,529,482,585,578,372,618,550
28,56218,1,325,703,540,658,628,553,668,567
29,57099,1,633,700,666,789,660,652,543,492
30,58651,1,574,349,415,520,582,442,495,517
31,60938,1,560,535,555,582,617,537,934,747
32,61231,1,483,850,521,617,654,609,643,555
33,61405,1,564,516,569,519,599,590,418,561
34,62731,1,528,523,472,542,603,566,592,609
35,63363,1,652,507,600,557,512,601,318,522
36,63677,1,636,473,657,695,658,692,574,539
37,65048,1,608,400,688,553,511,631,573,619
38,65781,1,514,372,493,451,493,581,457,371
39,66207,1,546,593,655,668,487,600,574,740
40,66320,1,604,686,539,569,685,846,676,620
41,66965,1,464,504,402,486,552,519,577,329
42,69203,1,469,480,480,437,472,401,508,541
43,70086,1,423,612,643,611,592,586,573,592
44,71474,1,556,518,614,512,584,555,511,560
45,71768,1,822,581,763,612,744,387,507,616
46,72810,1,555,684,675,659,772,798,549,452
47,73385,1,671,648,632,628,640,748,530,648
48,74674,1,655,655,572,650,622,802,472,673
49,75121,1,501,707,493,595,590,791,575,650
50,76073,1,525,458,442,513,569,660,389,511
51,76543,1,422,281,406,469,641,594,406,531
52,77405,1,429,516,644,495,692,507,481,633
53,79149,1,415,581,475,520,433,441,763,487
54,81067,1,556,521,475,595,593,688,453,556
55,81577,1,495,527,338,674,522,693,472,610
56,81835,1,690,592,635,551,582,638,674,543
57,83282,1,555,579,714,507,541,646,442,565
58,83685,1,523,636,519,666,560,568,509,606
59,84470,1,450,708,776,641,604,584,527,461
60,85179,1,491,558,625,742,571,588,430,344
61,87619,1,581,384,508,434,501,483,622,374
62,88735,1,542,478,625,627,571,844,617,394
63,91961,1,860,535,650,620,697,804,575,550
64,94273,1,521,658,556,593,570,649,546,642
65,94275,1,348,437,571,708,563,606,558,637
66,95437,1,678,688,600,526,643,784,515,442
67,97576,1,443,442,544,495,555,577,477,470
68,98363,1,630,614,590,600,588,752,553,635
69,99692,1,557,542,579,745,687,674,553,503
70,101551,1,560,616,535,604,728,844,470,556
71,101808,1,604,667,592,559,663,614,511,544
72,105806,1,523,725,577,617,672,702,553,681
73,106759,1,620,391,605,726,603,742,622,629
74,106845,1,544,431,316,639,505,616,603,552
75,107758,1,717,612,653,552,613,607,541,567
76,108735,1,518,674,517,572,650,455,516,631
77,110009,1,586,721,559,646,709,630,436,715
78,111411,1,639,683,362,563,567,516,502,475
79,112495,1,422,614,635,588,594,553,644,405
80,112909,1,431,560,536,532,603,702,487,670
81,113261,1,510,478,619,673,719,707,583,582
82,115063,1,390,521,394,458,448,543,371,542
83,116855,1,763,701,435,599,653,560,422,579
84,119094,1,646,510,450,670,689,516,434,624
85,120770,1,464,300,404,632,536,561,545,525
86,121438,1,491,588,496,549,533,613,486,463
87,121562,1,497,511,761,617,613,676,539,505
88,122136,1,491,760,495,526,642,759,592,628
89,125108,1,399,672,731,619,709,772,592,692
90,125323,1,508,459,556,601,558,693,581,569
91,126160,1,518,493,535,632,659,743,556,597
92,126227,1,509,537,369,648,582,535,453,458
93,127963,1,722,379,393,587,652,522,480,540
94,129238,1,535,593,417,500,511,651,565,452
95,132399,1,663,585,575,646,712,610,593,546
96,133680,1,551,580,581,689,647,623,559,535
97,135398,1,517,431,591,431,524,509,463,441
98,136547,1,746,522,614,582,583,740,608,575
99,137311,1,491,620,709,546,678,722,615,651
100,138011,1,617,681,557,683,573,634,377,514
101,138824,1,418,398,548,570,592,589,502,420
102,138987,1,596,511,420,584,500,617,411,550
103,140026,1,471,668,755,580,633,707,595,509
104,142333,1,557,652,445,730,504,860,460,495
105,142761,1,438,626,481,608,747,578,518,619
106,144357,1,409,575,459,655,755,633,628,676
107,147350,1,432,548,713,490,588,443,550,492
108,147644,1,461,513,446,588,585,461,814,600
109,148611,1,499,477,584,704,608,741,538,495
110,149791,1,820,607,595,725,783,850,777,687
111,153861,1,491,450,500,433,532,420,470,435
112,155290,1,562,501,326,407,520,538,643,543
113,157250,1,845,541,835,552,614,683,661,662
114,162060,1,622,659,605,635,712,603,405,599
115,162307,1,607,547,523,657,693,481,340,676
116,164194,1,532,407,532,518,568,532,519,490
117,172304,1,700,417,508,579,673,713,537,746
118,174448,1,621,696,560,723,618,697,463,570
119,174910,1,523,387,448,416,558,485,611,525
120,175610,1,596,634,694,617,693,697,496,669
121,176540,1,674,701,738,596,581,751,630,642
122,177028,1,603,603,390,458,624,541,576,575
123,177233,1,432,702,627,660,631,703,540,582
124,177831,1,716,644,665,635,685,674,510,555
125,178068,1,709,556,484,776,787,727,591,574
126,180116,1,615,601,485,543,511,617,623,565
127,182294,1,509,609,424,366,446,585,502,582
128,183875,1,566,518,574,408,338,431,368,350
129,183971,1,473,395,463,572,428,532,457,635
130,184513,1,586,436,347,661,458,519,493,570
131,186572,1,568,610,675,620,674,656,599,535
132,186982,1,448,584,447,682,541,671,499,524
133,190158,1,587,475,739,463,553,624,505,659
134,190375,1,389,468,430,536,692,430,459,539
135,190690,1,438,527,624,474,451,456,611,496
136,191402,1,682,544,737,657,602,743,607,605
137,195521,1,352,431,402,578,412,571,534,443
138,195878,1,514,544,488,596,518,560,586,534
139,195892,1,531,808,614,577,538,650,414,520
140,198384,1,407,626,555,591,492,618,538,507
141,199295,1,450,617,623,555,499,543,485,627
142,199452,1,580,519,470,677,621,658,607,698
143,200812,1,601,624,591,470,452,558,543,622
144,200909,1,444,451,618,542,559,653,733,608
145,201102,1,542,544,388,417,478,628,523,606
146,201398,1,522,502,648,503,437,535,411,566
147,202250,1,416,462,511,668,618,494,532,428
148,202307,1,542,466,325,695,617,523,369,333
149,203850,1,693,442,496,605,665,580,558,536
150,204058,1,450,622,566,629,772,775,508,730
151,205001,1,358,459,529,617,632,459,558,644
152,206270,1,844,706,547,621,652,748,441,571
153,208458,1,651,535,393,545,576,581,477,456
154,210562,1,627,581,822,614,618,707,493,534
155,212850,1,424,543,591,472,587,532,512,495
156,213137,1,602,490,390,571,538,386,652,527
157,214460,1,509,623,418,486,559,458,578,590
158,214591,1,485,507,578,467,392,742,529,416
159,215149,1,548,447,573,412,497,648,495,651
160,215369,1,682,535,558,587,661,549,504,584
161,215944,1,417,663,581,672,610,494,498,573
162,217432,1,642,412,540,624,622,548,454,678
163,218565,1,576,559,598,550,542,619,501,345
164,219810,1,446,534,481,501,507,417,435,529
165,220370,1,584,668,569,469,341,563,504,349
166,220416,1,422,469,348,499,589,618,493,465
167,222741,1,600,522,513,520,561,577,563,289
168,222798,1,481,580,295,445,395,488,714,490
169,223368,1,447,579,471,407,359,551,471,447
170,224738,1,291,401,484,430,515,347,494,629
171,225561,1,514,542,450,534,527,626,527,415
172,226118,1,466,563,391,544,665,492,637,345
173,226149,1,585,549,460,592,566,522,454,430
174,228795,1,464,334,483,738,706,480,507,694
175,228862,1,504,624,438,664,639,510,573,465
176,229448,1,532,430,489,347,570,528,354,595
177,230487,1,655,505,607,746,738,653,587,508
178,230692,1,419,618,475,382,324,359,563,407
179,231412,1,378,347,477,630,401,601,487,422
180,232229,1,510,527,485,540,554,521,589,394
181,232877,1,489,727,493,586,667,549,574,622
182,234744,1,538,519,632,651,514,498,429,593
183,237122,1,610,525,534,653,527,521,687,504
184,242425,1,583,709,602,475,616,622,501,538
185,246519,1,630,585,490,580,635,710,687,538
186,251320,1,469,471,341,473,325,513,686,332
187,251363,1,501,508,497,475,481,506,477,461
188,255030,1,521,437,618,518,567,531,620,526
189,255177,1,439,594,462,360,415,417,576,378
190,255972,1,464,510,587,672,710,630,455,588
191,258096,1,520,689,606,567,616,562,414,622
192,259166,1,495,570,760,688,641,637,720,562
193,260839,1,385,487,519,525,682,427,331,584
194,262936,1,577,506,636,647,678,603,598,678
195,263858,1,572,512,531,647,657,542,395,533
196,267429,1,537,586,391,585,584,450,594,530
197,271306,1,548,496,578,603,597,599,435,501
198,278071,1,486,661,609,775,724,729,598,735
199,279352,1,545,568,558,595,486,490,618,609
200,279969,1,378,477,465,574,513,543,511,601
201,280120,1,569,445,707,552,557,644,349,573
202,283652,1,540,627,524,632,761,660,513,578
203,284127,1,644,569,662,607,569,594,611,326
204,285581,1,633,744,530,514,458,511,424,498
205,285654,1,452,454,525,615,537,497,526,418
206,286475,1,386,389,486,617,558,656,532,566
207,287024,1,540,585,545,571,551,505,523,539
208,292874,1,402,520,492,572,634,578,513,534
209,293153,1,425,740,561,478,583,446,387,400
210,293392,1,531,619,466,634,618,553,536,475
211,296787,1,496,552,419,681,650,741,469,581
212,297794,1,498,471,499,524,686,546,494,584
213,299602,1,441,690,530,605,730,508,565,623
214,302047,1,578,496,367,669,687,498,432,634
215,302923,1,571,534,558,678,657,798,513,585
216,303089,1,454,694,494,445,513,464,705,511
217,305300,1,471,566,448,462,708,559,619,590
218,305920,1,483,514,642,360,477,445,699,467
219,307331,1,593,437,487,470,512,584,461,579
220,307745,1,486,685,728,595,636,602,731,589
221,307818,1,432,501,507,549,526,463,471,500
222,308950,1,704,627,575,527,591,729,681,487
223,309796,1,541,635,547,656,645,501,455,624
224,310767,1,502,631,555,537,706,711,580,546
225,310852,1,634,572,599,590,785,617,518,633
226,311833,1,597,776,470,624,685,526,465,562
227,314041,1,610,531,696,561,578,639,802,629
228,314716,1,410,530,488,507,572,602,481,472
229,315275,1,478,675,778,710,785,652,479,727
230,316473,1,405,508,532,528,460,491,499,387
231,320487,1,579,494,528,495,604,606,634,426
232,320752,1,548,805,588,632,691,491,447,648
233,320934,1,777,758,742,719,723,702,717,689
234,321098,1,746,746,564,672,723,698,588,583
235,322128,1,646,487,475,466,500,469,512,485
236,322756,1,615,588,482,535,624,509,527,657
237,323393,1,549,404,381,617,590,612,509,502
238,323404,1,590,498,578,535,688,603,572,574
239,323467,1,662,570,629,694,807,797,523,679
240,323604,1,283,645,541,726,670,591,534,549
241,326638,1,529,514,511,643,574,592,541,621
242,326893,1,653,476,471,598,444,668,545,566
243,327483,1,517,508,521,660,629,386,572,475
244,328026,1,481,789,414,592,556,465,592,398
245,328138,1,588,376,478,662,587,649,392,702
246,329406,1,393,391,618,391,483,390,402,467
247,329678,1,487,500,442,464,438,580,507,504
248,332151,1,492,564,344,659,560,628,590,603
249,332819,1,589,465,535,507,554,604,570,417
250,334190,1,449,476,396,608,565,522,500,422
251,334621,1,502,618,534,468,482,551,430,553
252,336228,1,439,622,566,614,585,739,356,483
253,338379,1,333,386,397,483,531,380,455,435
254,8429,2,469,744,797,615,699,733,760,533
255,9529,2,711,520,703,777,713,796,835,556
256,10181,2,507,633,542,548,565,627,528,509
257,12689,2,640,607,769,568,681,773,480,635
258,14104,2,575,379,462,577,569,587,415,588
259,19840,2,590,645,714,753,649,687,442,560
260,28073,2,467,548,443,640,502,545,458,575
261,33930,2,525,602,729,601,595,671,668,505
262,35085,2,455,616,772,549,662,806,469,626
263,35544,2,693,719,718,698,682,822,489,682
264,39653,2,681,574,529,618,724,691,544,665
265,41153,2,539,533,444,607,768,392,448,696
266,42145,2,494,778,536,796,594,590,563,560
267,42214,2,476,637,764,622,588,802,704,568
268,43412,2,619,655,787,753,723,675,509,615
269,44287,2,654,466,541,544,504,455,565,615
270,49295,2,501,580,493,735,527,575,578,490
271,50774,2,600,392,605,520,435,459,495,394
272,51868,2,542,589,475,503,548,724,683,551
273,52739,2,365,417,454,675,613,434,519,341
274,53097,2,552,540,675,664,597,728,663,538
275,55722,2,639,305,565,499,504,386,577,510
276,58853,2,439,722,455,442,649,497,458,638
277,62733,2,578,569,673,567,618,686,525,568
278,63393,2,851,679,735,607,657,749,381,531
279,65012,2,533,550,553,664,684,757,536,590
280,66060,2,582,638,644,634,755,590,789,655
281,66089,2,571,423,553,516,593,561,480,696
282,67070,2,575,686,708,423,645,550,750,554
283,67297,2,414,646,807,742,655,672,397,642
284,70006,2,630,682,634,668,687,692,580,573
285,70394,2,533,548,421,671,661,653,508,459
286,72216,2,604,522,700,602,638,660,703,612
287,73334,2,640,561,528,612,663,749,612,473
288,74535,2,638,560,513,683,650,719,527,565
289,76497,2,417,681,377,492,535,575,405,638
290,77908,2,597,512,673,633,701,409,612,617
291,78073,2,658,551,709,677,687,488,637,696
292,78689,2,670,724,812,569,807,655,693,604
293,79587,2,379,540,429,503,516,506,536,527
294,79974,2,479,569,644,711,705,633,837,594
295,80504,2,531,561,724,723,776,813,475,666
296,81774,2,621,490,679,664,734,748,548,530
297,81909,2,543,465,654,548,596,755,428,495
298,84198,2,354,731,627,570,639,606,504,603
299,85879,2,428,642,436,572,648,598,674,702
300,86450,2,643,572,610,575,570,571,636,476
301,87466,2,549,431,500,510,420,456,600,393
302,87570,2,462,482,416,474,542,624,509,432
303,87922,2,563,571,490,662,596,611,403,565
304,89683,2,641,417,642,476,606,749,681,525
305,90968,2,726,631,655,628,642,634,597,590
306,91217,2,426,379,584,785,514,590,648,410
307,91928,2,575,611,750,626,712,651,482,469
308,94301,2,490,608,428,518,509,510,417,382
309,101175,2,732,496,791,596,696,776,442,669
310,101986,2,506,465,641,759,733,822,668,716
311,102269,2,760,722,781,737,748,738,400,620
312,105816,2,510,546,570,423,657,587,572,550
313,106457,2,718,455,604,681,646,781,533,666
314,106502,2,559,544,563,527,650,564,508,487
315,107206,2,498,357,539,569,646,595,622,582
316,108278,2,366,554,322,528,540,371,454,560
317,109319,2,648,478,615,553,611,585,608,536
318,109558,2,625,531,418,678,688,685,486,587
319,110900,2,584,581,684,637,679,769,523,396
320,111100,2,536,598,593,574,507,652,447,582
321,111159,2,502,450,463,533,528,526,578,461
322,113424,2,480,598,309,543,511,661,711,597
323,115313,2,722,671,595,561,660,743,646,601
324,116328,2,541,782,674,598,630,791,530,690
325,117786,2,590,424,610,571,626,741,528,599
326,124617,2,410,510,415,540,581,560,586,650
327,124694,2,595,767,642,690,633,728,451,491
328,124769,2,604,595,697,655,685,766,633,647
329,128046,2,548,458,453,518,523,449,561,438
330,132980,2,701,554,581,650,713,718,486,572
331,133925,2,574,394,522,607,614,494,685,471
332,136613,2,554,633,672,719,690,813,754,515
333,142766,2,619,770,604,560,587,642,561,642
334,142994,2,479,728,535,514,399,405,597,659
335,153566,2,694,799,465,649,730,648,498,748
336,154098,2,388,467,391,443,480,539,455,443
337,154155,2,450,464,472,708,628,508,501,598
338,155716,2,492,439,495,751,569,522,592,496
339,155863,2,535,549,444,468,541,475,531,538
340,157156,2,635,462,659,544,615,675,498,671
341,158466,2,610,633,665,532,549,688,588,599
342,158680,2,582,544,728,635,582,563,341,629
343,159058,2,568,635,706,530,602,626,733,436
344,160043,2,392,444,373,413,388,446,358,422
345,160345,2,532,419,530,554,523,489,595,522
346,162392,2,428,421,434,699,582,686,657,659
347,163673,2,498,689,564,615,667,560,550,551
348,164819,2,581,565,581,596,622,518,540,474
349,165723,2,700,699,754,651,581,600,490,488
350,166294,2,656,757,697,612,616,660,595,500
351,167337,2,493,536,524,528,499,519,701,372
352,167357,2,502,373,321,541,561,429,597,456
353,167382,2,587,552,443,550,630,511,547,522
354,169265,2,700,583,415,711,565,603,556,620
355,171122,2,500,464,349,503,481,441,516,588
356,172856,2,465,456,399,615,709,661,681,574
357,176663,2,532,460,521,650,581,575,584,420
358,177443,2,580,719,540,646,718,755,664,739
359,181629,2,536,466,533,459,502,481,587,557
360,185260,2,628,470,590,547,614,787,554,678
361,185599,2,762,645,591,466,523,693,675,517
362,186118,2,703,671,442,526,472,654,518,587
363,187240,2,588,523,789,705,787,859,574,547
364,187494,2,400,544,414,632,684,706,451,487
365,190556,2,502,690,531,595,706,447,462,695
366,193311,2,615,647,509,721,800,774,622,661
367,193936,2,605,589,499,527,768,663,750,570
368,195106,2,284,522,584,637,626,549,904,497
369,195281,2,448,526,477,532,662,603,653,518
370,195890,2,665,686,637,622,630,687,518,611
371,196252,2,586,792,698,687,676,495,501,522
372,199020,2,570,418,380,563,590,624,455,462
373,201450,2,635,490,649,606,605,545,568,552
374,203785,2,504,585,609,693,688,727,515,583
375,204812,2,468,664,538,695,640,626,595,530
376,205561,2,616,577,464,660,750,807,535,701
377,206211,2,452,531,421,562,507,542,490,400
378,206451,2,484,390,451,483,304,456,525,549
379,209043,2,632,565,473,688,684,749,511,671
380,210096,2,503,488,576,582,636,591,529,590
381,210195,2,685,622,615,601,647,651,509,580
382,210297,2,518,691,541,659,676,751,620,585
383,210764,2,457,477,431,629,486,478,358,405
384,212656,2,534,574,346,597,553,710,446,483
385,213200,2,455,571,446,587,677,654,456,670
386,213492,2,565,515,567,606,597,571,535,544
387,213722,2,470,674,680,603,545,688,590,549
388,214404,2,417,632,483,532,517,497,496,489
389,218955,2,492,363,384,568,417,453,588,659
390,219055,2,615,509,656,558,622,708,467,638
391,219350,2,488,533,401,490,600,437,400,662
392,221064,2,430,364,445,542,527,433,306,673
393,221094,2,523,645,482,480,661,676,511,659
394,221901,2,341,741,538,424,718,777,733,610
395,222188,2,562,461,495,452,606,568,340,702
396,222465,2,625,560,668,636,731,507,527,576
397,223726,2,502,501,593,589,561,496,465,578
398,226011,2,626,474,474,451,424,537,298,524
399,227279,2,509,770,529,709,586,694,473,637
400,229832,2,547,585,547,706,578,728,529,562
401,235315,2,428,697,571,546,545,563,369,686
402,239127,2,490,580,591,396,365,439,515,484
403,239225,2,564,465,632,650,617,767,392,449
404,239882,2,717,661,431,729,510,559,745,541
405,241054,2,393,558,535,609,467,463,702,582
406,241569,2,588,723,472,336,509,427,618,427
407,244203,2,495,549,295,609,483,636,614,417
408,244793,2,605,612,469,460,518,606,707,537
409,246225,2,374,347,409,556,454,560,586,460
410,246433,2,581,584,729,648,594,643,486,583
411,246805,2,508,455,467,583,656,399,454,553
412,248180,2,556,561,462,579,560,502,497,690
413,250514,2,613,480,634,661,660,616,527,552
414,253704,2,674,581,815,568,605,534,489,679
415,254675,2,486,530,433,563,549,467,402,440
416,256696,2,593,631,647,515,563,708,730,591
417,258307,2,466,435,565,447,593,440,541,423
418,258551,2,336,361,309,562,500,549,399,446
419,259118,2,392,719,635,557,439,605,537,564
420,261347,2,658,541,440,530,716,503,466,527
421,262535,2,554,592,725,692,618,788,510,648
422,270683,2,652,572,423,797,757,736,412,617
423,271869,2,512,536,500,647,551,567,550,599
424,272633,2,385,589,373,485,494,655,680,474
425,277173,2,500,479,468,472,528,425,416,528
426,277831,2,520,471,459,455,551,513,426,476
427,280791,2,491,456,544,689,566,524,469,585
428,281731,2,769,665,620,669,598,666,410,503
429,281829,2,642,540,682,710,618,622,543,552
430,282539,2,551,609,465,605,576,647,562,491
431,283866,2,446,536,513,721,532,622,642,574
432,284334,2,602,678,580,595,684,539,548,555
433,284749,2,382,483,434,676,615,710,557,695
434,285624,2,531,619,460,576,485,495,668,606
435,286529,2,632,679,558,698,679,578,504,634
436,286662,2,445,688,388,396,414,405,416,606
437,291524,2,561,469,499,693,536,496,498,557
438,291823,2,525,556,695,623,597,673,485,633
439,292387,2,534,624,480,516,358,566,536,550
440,295669,2,502,529,484,532,585,541,531,573
441,303216,2,501,424,306,485,542,497,541,537
442,306543,2,402,760,485,484,565,671,585,567
443,307238,2,444,505,422,616,637,611,640,580
444,308509,2,509,569,476,567,526,638,562,508
445,311644,2,571,622,606,551,670,545,743,526
446,311673,2,639,564,398,429,524,506,497,547
447,316909,2,608,586,493,630,647,672,555,599
448,318097,2,591,753,665,550,600,511,566,460
449,318147,2,527,765,511,651,573,628,523,614
450,319081,2,495,385,530,413,472,395,566,424
451,320098,2,485,407,506,777,389,597,508,412
452,320931,2,530,481,448,437,517,465,565,509
453,320936,2,456,613,620,615,608,618,462,559
454,321373,2,615,617,462,618,688,773,799,566
455,321736,2,298,539,682,771,596,740,524,343
456,322786,2,521,830,821,525,699,822,468,668
457,330606,2,596,539,449,486,643,622,558,626
458,331125,2,382,406,623,445,521,762,575,544
459,332387,2,677,377,466,668,520,570,568,437
460,334675,2,469,516,438,602,447,581,463,494
461,335969,2,553,618,604,389,484,530,365,524
462,336675,2,435,445,529,616,545,629,428,479
463,337736,2,529,486,422,487,403,418,440,551
464,339667,2,620,340,502,535,492,474,331,482
465,534,3,534,486,529,532,534,549,649,587
466,4330,3,406,788,465,611,516,524,558,487
467,8700,3,736,607,426,432,447,514,465,617
468,11067,3,575,459,425,801,626,743,546,705
469,13061,3,576,573,531,625,604,397,420,575
470,19090,3,464,479,537,722,562,728,414,611
471,33470,3,709,348,551,493,530,506,552,505
472,34090,3,616,647,536,662,574,523,368,487
473,36740,3,471,487,510,720,671,634,509,650
474,39652,3,609,542,578,469,631,552,461,474
475,41171,3,707,367,562,554,654,693,503,553
476,42556,3,364,504,520,550,573,817,420,647
477,46615,3,535,695,514,503,519,597,472,627
478,48386,3,556,585,555,472,611,558,454,509
479,67212,3,428,615,457,633,597,572,457,595
480,67462,3,601,389,427,567,777,511,537,647
481,73798,3,715,435,653,585,596,750,577,677
482,77797,3,509,545,487,563,645,625,408,622
483,78073,3,658,551,709,677,687,488,637,696
484,78088,3,510,373,537,468,489,396,461,626
485,78960,3,590,429,593,621,618,637,555,670
486,79179,3,531,588,611,611,632,590,493,505
487,86941,3,550,526,602,653,516,629,634,397
488,102989,3,488,624,460,540,518,531,530,525
489,103030,3,589,673,470,746,487,733,354,583
490,106994,3,408,398,527,350,434,641,395,459
491,107956,3,593,671,601,566,694,693,425,698
492,113685,3,434,516,490,601,551,431,467,696
493,117426,3,394,690,467,434,500,535,452,513
494,119587,3,537,494,639,475,629,744,541,691
495,139961,3,563,450,434,615,609,404,444,701
496,143394,3,504,775,760,481,554,640,413,617
497,159930,3,487,613,384,587,779,730,604,581
498,160144,3,592,613,590,628,516,632,730,450
499,162325,3,544,607,592,618,691,679,470,640
500,162716,3,495,296,651,626,549,545,614,541
501,167201,3,478,481,547,619,663,646,519,549
502,172303,3,411,530,516,412,524,452,565,473
503,174566,3,565,592,512,435,511,593,487,620
504,176232,3,587,412,407,357,482,455,545,425
505,178465,3,445,690,628,647,515,616,488,696
506,179005,3,694,650,566,613,594,613,473,448
507,181899,3,549,553,739,466,537,543,435,611
508,183415,3,766,507,524,609,618,624,580,506
509,184702,3,432,492,661,582,634,675,530,651
510,185844,3,559,495,582,618,609,551,529,489
511,186584,3,538,528,597,598,658,507,564,597
512,189716,3,482,437,385,439,414,474,591,609
513,190862,3,460,403,331,585,728,513,484,686
514,193641,3,438,603,461,531,481,549,389,451
515,194132,3,533,324,573,632,615,598,508,434
516,194833,3,544,437,577,568,603,680,519,541
517,195317,3,535,432,465,811,553,636,611,476
518,199964,3,460,525,379,677,679,625,587,580
519,204688,3,373,432,666,388,448,420,491,526
520,205080,3,452,698,522,504,333,537,585,453
521,207452,3,412,475,357,647,464,338,341,455
522,211357,3,732,385,393,525,616,411,439,635
523,211844,3,383,536,370,467,449,480,694,543
524,214553,3,473,432,418,467,371,436,456,573
525,216500,3,465,467,443,518,514,478,543,509
526,216729,3,506,456,468,513,463,517,789,484
527,235209,3,454,492,585,575,791,691,628,690
528,235840,3,493,556,431,465,589,545,595,551
529,238474,3,566,584,505,620,516,546,643,533
530,243527,3,603,517,525,517,557,586,524,659
531,243956,3,628,568,549,558,432,526,522,518
532,246819,3,559,549,572,469,508,473,436,481
533,249867,3,554,538,450,455,425,559,520,492
534,250664,3,548,448,463,554,553,566,413,535
535,250678,3,557,508,533,681,683,576,508,584
536,256104,3,497,658,330,417,489,470,762,611
537,257282,3,385,486,422,658,526,489,384,456
538,258001,3,570,511,529,533,567,395,390,448
539,258028,3,479,440,397,446,504,534,649,627
540,258696,3,526,630,652,517,514,507,793,542
541,259860,3,595,487,477,653,556,482,436,559
542,262279,3,445,487,412,564,570,454,553,505
543,263467,3,590,690,413,513,506,526,454,588
544,264252,3,626,541,560,549,588,580,581,603
545,271795,3,519,454,474,511,413,649,462,445
546,274678,3,648,556,654,535,536,675,408,557
547,278161,3,482,468,522,432,428,458,429,489
548,278986,3,506,632,500,588,637,637,522,314
549,283400,3,438,625,711,568,496,477,538,359
550,284006,3,669,416,493,376,471,393,557,522
551,284049,3,639,698,718,523,606,506,410,458
552,286930,3,427,490,446,439,565,473,514,544
553,287358,3,491,471,509,577,551,439,467,513
554,291002,3,623,502,599,661,587,715,401,636
555,292101,3,504,406,308,506,469,506,418,418
556,295929,3,601,561,569,582,631,600,624,579
557,296084,3,592,630,574,638,567,669,605,421
558,298387,3,468,528,517,464,449,454,497,452
559,299183,3,456,435,695,477,429,366,632,438
560,301089,3,569,454,524,543,642,552,471,544
561,306100,3,511,505,510,496,506,616,598,573
562,308843,3,512,549,454,592,480,641,550,461
563,312506,3,623,363,444,441,528,445,417,552
564,313216,3,669,577,741,514,565,630,596,492
565,315617,3,470,590,541,629,748,563,534,623
566,316612,3,562,551,611,601,589,683,631,529
567,316881,3,518,535,590,516,601,577,535,510
568,317105,3,649,594,455,502,794,616,495,608
569,321137,3,497,599,560,402,518,614,500,454
570,322347,3,455,636,561,636,545,581,416,578
571,322738,3,585,570,411,430,434,441,458,378
572,322970,3,460,621,633,566,733,821,452,570
573,325658,3,459,308,439,518,621,555,401,524
574,326279,3,571,506,611,451,541,500,538,489
575,326788,3,437,475,470,471,395,473,482,477
576,328230,3,387,599,566,587,671,505,399,642
577,328382,3,441,469,356,593,535,456,509,448
578,328800,3,624,422,526,437,493,559,599,545
579,332387,3,677,377,466,668,520,570,568,437
580,332637,3,428,391,474,585,617,506,464,598
581,579,4,575,502,527,456,588,588,592,477
582,2979,4,605,447,708,601,641,727,632,576
583,6556,4,526,487,509,636,603,604,558,529
584,12297,4,532,688,450,604,602,692,486,514
585,16301,4,595,557,731,593,554,569,601,431
586,17289,4,499,523,460,560,604,755,509,554
587,20157,4,359,587,574,526,619,551,458,656
588,27630,4,477,578,505,431,633,444,574,680
589,29226,4,530,645,678,654,623,310,742,561
590,29365,4,430,429,467,603,568,554,537,608
591,35949,4,707,721,589,709,688,762,506,551
592,41185,4,664,427,488,701,533,558,455,573
593,44346,4,351,511,556,552,527,489,415,504
594,48736,4,434,347,436,561,579,450,535,501
595,52567,4,552,709,518,543,640,590,447,572
596,55568,4,491,563,415,600,463,450,495,551
597,55836,4,514,462,513,727,466,496,478,438
598,56505,4,593,694,565,640,500,574,697,496
599,57392,4,626,550,483,607,645,689,621,643
600,58108,4,410,516,646,648,791,703,703,401
601,66207,4,546,593,655,668,487,600,574,740
602,68772,4,691,580,682,578,593,623,710,500
603,70086,4,423,612,643,611,592,586,573,592
604,70779,4,521,615,453,630,714,742,504,636
605,71474,4,556,518,614,512,584,555,511,560
606,75059,4,458,608,453,575,610,509,660,482
607,81586,4,716,406,560,804,675,508,631,620
608,81835,4,690,592,635,551,582,638,674,543
609,91974,4,444,589,585,542,602,611,487,546
610,93516,4,502,627,527,629,695,578,669,639
611,93989,4,476,552,456,556,656,483,430,519
612,96441,4,609,700,674,692,547,423,423,562
613,96864,4,529,507,547,738,712,552,473,639
614,97727,4,536,443,513,493,552,556,485,514
615,106759,4,620,391,605,726,603,742,622,629
616,107552,4,653,489,599,554,638,590,703,539
617,113510,4,577,483,598,543,605,501,440,765
618,117268,4,412,546,481,580,633,507,572,571
619,117539,4,608,557,595,511,438,433,445,491
620,121052,4,641,595,567,560,627,582,454,612
621,121609,4,648,631,562,794,682,614,765,553
622,125753,4,544,382,613,679,750,636,607,706
623,128112,4,569,709,714,535,627,643,690,614
624,129025,4,508,570,511,642,739,528,503,619
625,130195,4,576,668,532,693,674,749,570,560
626,131156,4,457,463,619,374,483,637,595,395
627,136103,4,456,482,467,630,704,477,469,611
628,137832,4,585,553,636,505,547,560,451,452
629,138987,4,596,511,420,584,500,617,411,550
630,140026,4,471,668,755,580,633,707,595,509
631,142333,4,557,652,445,730,504,860,460,495
632,146495,4,460,451,363,622,467,460,519,494
633,154047,4,469,541,555,530,519,446,368,471
634,160528,4,598,610,617,489,510,486,418,459
635,161606,4,502,567,610,638,649,578,513,470
636,162307,4,607,547,523,657,693,481,340,676
637,164860,4,661,546,610,501,610,592,537,662
638,169492,4,462,364,406,620,769,558,366,603
639,171123,4,575,459,490,552,606,742,593,528
640,172188,4,468,387,590,407,478,412,524,528
641,172304,4,700,417,508,579,673,713,537,746
642,173500,4,530,671,577,682,667,602,498,597
643,173522,4,505,526,478,632,523,552,536,637
644,176001,4,397,427,504,336,550,403,386,375
645,183875,4,566,518,574,408,338,431,368,350
646,183881,4,527,592,409,595,554,421,560,664
647,183927,4,555,623,671,637,558,609,632,406
648,185004,4,382,385,645,454,449,720,443,426
649,186855,4,470,596,503,618,620,694,622,685
650,187008,4,355,641,442,410,400,536,756,422
651,187829,4,600,530,444,545,583,540,568,557
652,190690,4,438,527,624,474,451,456,611,496
653,192113,4,532,529,632,623,575,666,735,627
654,198650,4,503,474,448,496,455,298,452,520
655,200219,4,617,448,499,506,561,467,492,611
656,201218,4,433,427,462,422,475,495,501,464
657,201475,4,430,570,436,497,506,450,573,490
658,202666,4,541,545,391,666,613,523,627,724
659,204683,4,681,451,518,596,634,601,463,476
660,206407,4,499,643,531,458,440,395,585,434
661,209125,4,579,523,466,533,488,391,621,651
662,211852,4,418,461,547,472,505,577,457,605
663,212850,4,424,543,591,472,587,532,512,495
664,213137,4,602,490,390,571,538,386,652,527
665,214425,4,446,651,505,496,719,323,412,699
666,214696,4,492,555,410,528,705,436,490,659
667,216340,4,487,421,464,518,595,609,459,617
668,217219,4,585,465,559,733,687,520,654,622
669,220099,4,489,575,699,608,495,690,522,369
670,220370,4,584,668,569,469,341,563,504,349
671,221479,4,672,507,654,549,579,646,513,508
672,222216,4,487,561,513,525,381,473,457,322
673,226347,4,661,593,489,605,615,441,443,662
674,227044,4,504,470,306,662,620,441,433,583
675,229234,4,539,483,409,622,584,597,569,523
676,231412,4,378,347,477,630,401,601,487,422
677,232451,4,419,417,592,393,488,596,775,340
678,233477,4,510,379,329,412,533,417,614,514
679,234254,4,537,418,655,509,640,541,515,656
680,234988,4,478,393,561,417,392,725,477,485
681,237063,4,443,579,407,537,672,602,547,609
682,237212,4,403,590,604,628,691,574,345,578
683,237677,4,693,549,466,583,596,598,563,550
684,238628,4,418,429,534,593,679,546,545,479
685,240174,4,483,647,318,400,368,480,482,381
686,240492,4,685,554,586,601,569,519,381,443
687,246378,4,452,435,459,407,393,353,409,509
688,247518,4,319,644,569,594,661,470,574,468
689,247646,4,665,368,544,624,760,745,351,653
690,248102,4,615,417,461,569,566,509,489,422
691,249867,4,554,538,450,455,425,559,520,492
692,250664,4,548,448,463,554,553,566,413,535
693,251363,4,501,508,497,475,481,506,477,461
694,252027,4,564,650,611,528,578,453,449,527
695,254710,4,491,406,383,514,498,511,603,491
696,257500,4,522,645,575,548,592,609,611,403
697,259278,4,471,407,584,628,612,444,455,652
698,263858,4,572,512,531,647,657,542,395,533
699,267317,4,366,381,429,749,681,670,492,617
700,267903,4,485,619,643,586,578,568,546,427
701,277547,4,517,579,346,645,753,544,461,695
702,278161,4,482,468,522,432,428,458,429,489
703,279112,4,527,458,435,581,497,514,538,526
704,279577,4,555,445,459,556,536,451,531,584
705,279969,4,378,477,465,574,513,543,511,601
706,283652,4,540,627,524,632,761,660,513,578
707,284736,4,549,732,455,677,382,458,495,501
708,288881,4,682,492,752,666,489,537,569,590
709,292801,4,533,553,606,512,631,774,463,500
710,293754,4,511,490,347,558,521,424,527,544
711,296455,4,598,581,760,384,641,709,608,569
712,301894,4,436,448,368,624,708,665,607,526
713,302856,4,532,532,528,506,427,518,516,584
714,302923,4,571,534,558,678,657,798,513,585
715,315414,4,429,525,564,700,683,639,434,532
716,316715,4,727,532,558,384,507,669,617,573
717,317526,4,576,596,533,458,501,519,519,500
718,318260,4,611,558,475,510,568,563,451,592
719,326393,4,634,454,518,487,456,589,461,455
720,326609,4,533,464,368,506,528,609,487,443
721,326638,4,529,514,511,643,574,592,541,621
722,328709,4,438,420,480,715,539,387,538,526
723,329678,4,487,500,442,464,438,580,507,504
724,332777,4,521,487,478,490,565,605,418,650
725,338208,4,560,478,390,488,482,425,515,433
726,338705,4,514,387,467,357,428,482,287,499
727,338750,4,469,504,322,365,447,376,408,451
728,3012,5,532,537,481,513,544,478,517,596
729,9357,5,683,601,640,625,586,796,409,495
730,11106,5,371,427,559,385,484,513,478,638
731,18174,5,373,431,587,583,660,618,479,528
732,28550,5,519,760,553,568,620,558,669,474
733,29365,5,430,429,467,603,568,554,537,608
734,36570,5,543,418,519,619,579,669,478,600
735,38381,5,556,590,563,475,671,528,354,394
736,41510,5,604,613,562,519,510,612,522,572
737,58689,5,533,471,491,604,591,588,458,424
738,63848,5,403,580,448,517,461,517,525,386
739,64818,5,555,575,530,650,686,559,316,644
740,68984,5,402,510,386,535,585,520,747,554
741,72101,5,565,408,456,601,602,467,569,639
742,89059,5,592,696,554,465,573,675,622,502
743,103031,5,543,313,654,581,523,652,620,522
744,106817,5,482,436,544,542,606,569,488,514
745,108965,5,567,438,566,540,559,580,589,647
746,109067,5,488,631,547,489,683,579,604,539
747,109792,5,486,480,504,529,648,603,674,613
748,114661,5,537,476,640,544,526,620,549,526
749,119860,5,475,619,704,606,580,543,499,503
750,137853,5,550,524,537,497,505,494,519,558
751,140189,5,513,537,438,528,541,710,534,567
752,141573,5,525,502,484,622,639,455,436,498
753,149749,5,592,542,482,566,437,471,581,471
754,151600,5,549,502,476,690,610,452,662,547
755,156723,5,512,469,536,522,533,528,465,554
756,157946,5,497,577,403,526,605,492,719,465
757,164266,5,468,666,565,551,479,590,430,578
758,169492,5,462,364,406,620,769,558,366,603
759,172965,5,631,534,614,525,619,768,470,594
760,181629,5,536,466,533,459,502,481,587,557
761,183215,5,517,583,442,642,552,512,492,512
762,184487,5,522,556,589,601,658,651,498,556
763,184496,5,449,611,338,602,527,514,629,575
764,186386,5,494,487,387,491,517,481,445,497
765,189699,5,432,575,660,622,592,516,468,594
766,191883,5,506,648,596,571,524,456,619,495
767,197003,5,556,354,614,548,608,604,425,560
768,197783,5,425,507,567,595,462,427,484,459
769,200274,5,607,668,493,447,528,546,497,568
770,201729,5,512,428,459,572,438,474,529,518
771,202135,5,440,479,349,389,340,422,419,362
772,204097,5,437,379,583,540,639,411,430,553
773,204428,5,570,506,408,548,551,617,513,620
774,205057,5,324,349,356,545,549,577,435,444
775,206191,5,565,555,493,491,518,493,425,523
776,207440,5,351,624,493,460,514,549,548,418
777,210626,5,538,466,476,599,699,700,362,537
778,212350,5,597,536,556,734,594,656,405,477
779,212553,5,350,370,445,617,472,381,408,472
780,221706,5,372,560,511,517,624,508,688,651
781,222445,5,506,538,602,434,488,494,515,462
782,223223,5,447,493,301,444,515,360,565,473
783,223859,5,553,533,387,587,622,462,483,473
784,237874,5,451,443,551,560,443,466,674,383
785,239404,5,504,489,448,687,528,543,445,572
786,241579,5,519,660,463,759,720,697,587,514
787,242732,5,375,371,368,593,539,406,516,607
788,243537,5,414,615,433,509,399,489,470,388
789,245020,5,473,650,532,364,557,586,528,713
790,247401,5,561,507,468,528,482,449,337,526
791,250653,5,467,422,553,502,466,412,407,600
792,252077,5,462,371,517,311,484,513,512,498
793,252404,5,525,437,409,488,396,451,413,492
794,257426,5,587,607,317,628,604,617,452,482
795,257905,5,504,606,422,384,476,348,423,538
796,260336,5,536,715,656,654,596,722,645,726
797,271223,5,443,509,505,605,701,672,509,568
798,280951,5,532,499,558,363,512,467,635,455
799,281850,5,505,556,557,563,542,527,533,358
800,282161,5,336,402,405,441,457,402,508,482
801,283168,5,490,488,455,483,424,490,493,527
802,283408,5,358,423,374,417,518,539,551,468
803,286008,5,413,497,420,577,598,450,483,498
804,289117,5,546,648,459,423,578,552,527,578
805,291362,5,550,478,418,500,666,488,565,558
806,297973,5,432,492,456,510,516,643,589,565
807,299854,5,349,647,518,423,485,483,793,685
808,302785,5,575,493,487,683,613,634,428,569
809,304513,5,479,392,403,540,581,510,724,538
810,305798,5,499,513,474,456,540,617,747,475
811,307749,5,647,556,402,522,594,596,547,459
812,311024,5,447,404,479,632,521,497,519,457
813,313171,5,425,577,299,624,309,471,563,464
814,315414,5,429,525,564,700,683,639,434,532
815,317117,5,636,326,392,405,521,484,423,491
816,321523,5,538,350,539,492,553,551,654,602
817,330380,5,644,511,620,571,611,624,397,490
818,330770,5,424,537,594,513,610,575,459,522
819,331355,5,509,444,511,512,554,544,489,484
820,332918,5,561,390,587,511,473,522,332,427
821,335042,5,404,707,545,652,558,523,380,628
822,4367,6,606,534,567,499,569,491,520,524
823,7170,6,525,564,581,580,721,390,725,695
824,10853,6,457,435,597,460,573,693,441,598
825,15598,6,546,473,546,576,629,670,509,538
826,24700,6,557,565,348,618,616,655,374,601
827,33802,6,466,606,515,524,539,521,765,506
828,43903,6,487,566,626,461,539,545,505,510
829,46615,6,535,695,514,503,519,597,472,627
830,49631,6,612,499,487,469,480,355,460,498
831,51879,6,542,633,658,684,571,568,427,613
832,53375,6,428,582,456,616,598,591,389,695
833,55744,6,527,378,647,499,643,485,604,291
834,59954,6,576,480,570,589,584,638,569,531
835,68950,6,713,483,754,662,640,600,552,430
836,69437,6,757,564,621,657,623,688,550,549
837,74591,6,291,657,437,475,371,414,651,513
838,77884,6,459,583,639,525,624,624,609,670
839,81004,6,588,514,591,501,503,550,505,504
840,83137,6,490,664,462,474,538,557,507,358
841,87553,6,517,570,528,447,518,458,650,513
842,88481,6,487,493,511,499,542,334,510,475
843,90507,6,419,483,530,639,653,492,564,603
844,93103,6,626,677,539,541,616,678,536,519
845,94789,6,467,441,414,626,686,550,709,617
846,95952,6,578,485,495,632,644,731,481,520
847,103715,6,526,577,467,422,582,628,559,586
848,105408,6,533,653,493,600,608,500,492,535
849,106339,6,543,577,533,587,598,642,493,484
850,125025,6,564,432,418,652,600,525,653,551
851,127259,6,615,511,677,613,668,605,561,495
852,135408,6,579,574,360,486,599,607,463,580
853,136586,6,503,510,494,645,546,610,543,608
854,137699,6,636,626,507,612,565,387,475,501
855,137777,6,614,625,434,584,540,467,614,463
856,139832,6,443,661,521,495,597,529,381,522
857,150060,6,402,542,637,699,484,546,595,399
858,169959,6,540,638,482,527,587,649,599,549
859,173523,6,655,602,440,642,563,758,601,600
860,175580,6,486,628,613,697,538,664,520,513
861,177815,6,631,578,486,774,655,585,449,629
862,179957,6,508,410,409,614,618,509,497,653
863,181358,6,503,407,829,568,509,751,604,572
864,199964,6,460,525,379,677,679,625,587,580
865,202195,6,460,442,304,324,299,578,577,447
866,205285,6,482,463,349,617,618,560,610,667
867,212562,6,454,532,541,659,491,558,699,676
868,216413,6,614,512,616,530,400,497,556,523
869,220324,6,530,601,473,668,578,578,561,481
870,224857,6,418,489,651,440,529,462,496,500
871,236306,6,543,570,492,378,502,483,509,496
872,237388,6,382,568,333,413,496,563,411,423
873,240141,6,518,612,637,592,526,574,474,609
874,243527,6,603,517,525,517,557,586,524,659
875,245489,6,521,444,610,585,610,440,597,614
876,246091,6,499,468,509,424,433,416,361,476
877,246819,6,559,549,572,469,508,473,436,481
878,247370,6,539,544,569,576,613,541,627,487
879,248374,6,483,537,478,555,624,536,508,557
880,252774,6,404,390,371,450,456,537,464,514
881,255778,6,465,555,518,539,473,543,644,463
882,256316,6,515,543,488,468,516,494,446,570
883,256332,6,514,506,466,434,479,584,494,405
884,259806,6,538,441,492,713,489,286,327,394
885,259860,6,595,487,477,653,556,482,436,559
886,260769,6,489,452,523,550,531,495,479,489
887,260981,6,492,577,513,566,528,571,447,605
888,262037,6,457,657,558,614,568,427,489,634
889,263083,6,410,554,421,418,441,351,547,450
890,264252,6,626,541,560,549,588,580,581,603
891,264747,6,340,557,479,476,559,442,488,652
892,265582,6,455,353,470,644,643,618,537,551
893,269010,6,524,592,662,694,577,565,450,515
894,271795,6,519,454,474,511,413,649,462,445
895,275807,6,377,638,274,442,304,393,611,510
896,276944,6,488,428,403,347,421,405,431,520
897,277130,6,488,505,513,659,636,522,419,555
898,277317,6,466,520,535,658,586,478,471,504
899,283556,6,478,504,546,593,641,564,587,496
900,284060,6,531,564,455,455,709,669,532,573
901,287371,6,478,455,521,518,533,556,453,535
902,293153,6,425,740,561,478,583,446,387,400
903,298356,6,518,514,399,562,564,504,461,522
904,298387,6,468,528,517,464,449,454,497,452
905,300149,6,556,579,496,573,637,625,496,418
906,301247,6,463,523,555,493,589,579,528,493
907,302575,6,515,552,407,502,548,388,551,435
908,305300,6,471,566,448,462,708,559,619,590
909,306540,6,693,547,407,642,601,485,485,626
910,309395,6,370,484,336,659,561,436,464,538
911,311024,6,447,404,479,632,521,497,519,457
912,311944,6,480,356,392,531,562,411,679,558
913,315384,6,367,444,465,460,645,475,544,541
914,319906,6,512,478,557,637,644,500,533,587
915,322950,6,724,647,393,564,727,440,524,414
916,323473,6,482,409,382,439,540,527,675,508
917,325284,6,472,681,529,538,466,453,635,361
918,328800,6,624,422,526,437,493,559,599,545
919,329075,6,380,559,606,574,605,634,464,560
920,331162,6,469,507,387,372,465,456,530,543
921,335034,6,475,507,471,635,629,512,601,606
922,20617,7,603,488,762,534,591,717,534,600
923,25063,7,495,611,518,579,552,481,593,398
924,27723,7,549,740,507,571,729,451,596,559
925,36681,7,457,450,423,481,495,680,581,498
926,40147,7,498,540,507,493,500,569,580,506
927,49761,7,537,594,515,657,647,615,590,569
928,56159,7,523,363,380,549,635,545,409,534
929,58703,7,476,452,320,755,401,403,513,566
930,59186,7,503,568,559,506,514,465,490,569
931,62022,7,512,688,567,495,636,508,377,569
932,67428,7,569,427,539,690,621,526,559,557
933,69488,7,469,512,594,577,641,569,632,498
934,72276,7,439,453,705,418,544,474,585,468
935,73684,7,619,469,465,596,593,521,667,525
936,98611,7,523,622,500,390,587,557,642,560
937,106031,7,554,475,493,642,675,544,466,591
938,117840,7,700,463,535,537,592,532,621,548
939,118745,7,483,604,544,608,617,420,678,609
940,138424,7,480,523,535,586,645,650,712,586
941,142163,7,554,565,730,690,640,637,603,549
942,149882,7,380,532,539,478,480,473,562,432
943,156699,7,436,423,435,520,434,536,600,629
944,156821,7,482,552,757,535,533,543,553,546
945,160498,7,553,421,700,451,479,633,750,557
946,166794,7,415,518,507,661,475,582,549,500
947,167839,7,470,510,460,418,438,503,521,434
948,175083,7,493,468,391,324,402,435,526,373
949,199473,7,326,498,465,314,452,487,408,515
950,199916,7,542,354,410,703,569,470,563,467
951,204780,7,504,728,318,654,549,674,476,568
952,205719,7,509,553,617,645,608,593,406,535
953,206009,7,563,425,443,458,379,547,453,487
954,207562,7,545,420,570,596,561,542,448,509
955,209227,7,509,499,490,506,665,562,448,684
956,209943,7,546,508,493,612,561,459,535,662
957,211724,7,480,473,397,462,489,521,436,593
958,212562,7,454,532,541,659,491,558,699,676
959,215743,7,483,614,441,652,552,565,540,530
960,216802,7,479,491,517,437,475,522,466,537
961,225320,7,410,663,611,517,493,727,562,380
962,229237,7,511,507,361,595,515,502,493,524
963,230629,7,567,351,683,590,530,357,557,712
964,231474,7,619,428,498,684,645,569,594,542
965,233667,7,473,336,548,633,463,402,514,506
966,237388,7,382,568,333,413,496,563,411,423
967,239594,7,671,494,614,349,454,537,391,478
968,239712,7,450,601,672,580,623,593,458,472
969,248792,7,418,332,379,573,557,539,415,530
970,249448,7,492,459,583,489,485,446,643,465
971,252520,7,505,679,364,488,496,355,504,422
972,253616,7,679,568,563,733,633,622,459,596
973,257500,7,522,645,575,548,592,609,611,403
974,257948,7,570,502,498,471,292,519,557,449
975,258777,7,360,425,493,666,606,512,450,585
976,259187,7,466,613,485,484,569,564,338,631
977,262037,7,457,657,558,614,568,427,489,634
978,276255,7,566,527,584,496,546,757,350,580
979,278824,7,370,622,482,515,489,425,340,452
980,283912,7,459,494,550,563,572,512,466,511
981,285166,7,492,495,621,625,555,561,430,604
982,285842,7,450,601,672,580,623,593,458,472
983,298512,7,521,613,385,530,481,320,451,463
984,299127,7,457,395,429,669,680,479,493,625
985,303879,7,557,328,437,364,422,519,835,347
986,307884,7,375,556,555,480,409,643,524,464
987,308939,7,371,572,502,665,532,516,612,540
988,314804,7,629,445,538,630,642,577,420,514
989,320924,7,506,388,470,640,670,579,515,488
990,325246,7,502,519,508,499,566,477,461,507
991,325284,7,472,681,529,538,466,453,635,361
992,327710,7,438,469,434,465,541,419,545,515
993,328063,7,359,510,591,609,765,689,339,589
994,334403,7,598,431,355,496,679,497,615,450
995,335271,7,552,572,308,371,360,460,545,472
996,335516,7,399,558,471,321,463,502,485,404
997,470,8,514,650,525,595,649,648,522,544
998,1009,8,624,603,588,742,565,603,457,374
999,20042,8,556,611,745,541,526,499,564,630
1000,22966,8,592,426,592,595,650,671,629,677
1001,37663,8,600,604,516,686,546,620,390,471
1002,55010,8,601,495,596,515,602,553,603,496
1003,59773,8,618,561,714,612,632,745,643,511
1004,59933,8,495,533,563,580,540,681,534,504
1005,65048,8,608,400,688,553,511,631,573,619
1006,65252,8,505,468,494,608,566,555,639,474
1007,65600,8,525,666,517,546,608,626,546,706
1008,66492,8,600,537,503,600,610,569,598,440
1009,67462,8,601,389,427,567,777,511,537,647
1010,77102,8,315,337,284,535,598,525,416,513
1011,80735,8,394,536,417,564,409,365,672,497
1012,82934,8,679,469,643,637,639,634,617,541
1013,84730,8,467,606,547,551,604,663,599,489
1014,86941,8,550,526,602,653,516,629,634,397
1015,87619,8,581,384,508,434,501,483,622,374
1016,87628,8,543,587,627,425,627,489,575,558
1017,92419,8,539,597,646,517,606,502,472,541
1018,95978,8,479,301,442,453,466,477,300,539
1019,96839,8,577,639,558,555,564,646,406,641
1020,97090,8,472,422,669,584,581,673,562,612
1021,102147,8,532,554,629,535,445,576,428,614
1022,104157,8,500,560,520,547,681,556,342,525
1023,109720,8,590,533,431,592,677,464,529,607
1024,111335,8,544,542,486,491,583,540,520,439
1025,113410,8,605,436,572,532,552,560,497,569
1026,119890,8,518,543,573,537,543,605,538,563
1027,131329,8,264,453,561,578,583,579,479,577
1028,139880,8,488,382,690,532,524,555,423,565
1029,141573,8,525,502,484,622,639,455,436,498
1030,146765,8,480,521,473,529,518,552,512,562
1031,150493,8,497,400,532,585,764,433,457,670
1032,151652,8,497,455,458,555,370,414,530,490
1033,168431,8,461,545,544,410,482,331,488,444
1034,169099,8,596,396,372,496,609,527,355,390
1035,179949,8,396,489,579,630,634,551,521,512
1036,186453,8,315,401,327,317,374,393,532,331
1037,186978,8,409,718,461,553,486,524,608,443
1038,195146,8,649,483,412,557,598,602,642,524
1039,195349,8,513,531,439,502,502,471,561,495
1040,198249,8,436,409,341,473,481,451,612,543
1041,199279,8,477,639,559,494,584,558,673,535
1042,199295,8,450,617,623,555,499,543,485,627
1043,202307,8,542,466,325,695,617,523,369,333
1044,203395,8,565,371,577,484,623,479,733,577
1045,206528,8,507,567,453,565,513,487,505,546
1046,213994,8,563,449,388,494,507,418,556,557
1047,220320,8,625,532,499,497,456,645,473,474
1048,223202,8,380,532,536,576,596,605,665,560
1049,223815,8,418,518,372,535,540,381,559,697
1050,225350,8,513,555,446,515,599,426,541,523
1051,228535,8,551,930,510,672,684,554,545,521
1052,228726,8,535,621,554,531,549,523,465,573
1053,230204,8,497,682,568,505,563,551,516,366
1054,239324,8,519,408,419,555,373,490,349,374
1055,240972,8,391,755,678,643,538,686,686,535
1056,249493,8,628,584,500,616,668,754,284,674
1057,249614,8,295,528,421,362,494,362,492,493
1058,249680,8,393,533,528,448,571,561,527,444
1059,254072,8,546,590,630,632,611,648,469,608
1060,254682,8,448,538,509,634,576,479,375,532
1061,256796,8,589,660,560,475,430,365,393,545
1062,257426,8,587,607,317,628,604,617,452,482
1063,259150,8,612,537,393,604,635,598,459,661
1064,260285,8,483,719,359,649,622,556,661,617
1065,260371,8,489,373,608,429,433,456,623,384
1066,261781,8,509,454,683,575,597,612,534,558
1067,263131,8,668,525,506,583,568,442,545,517
1068,265116,8,622,494,455,598,615,557,380,529
1069,270558,8,554,595,532,549,571,670,526,601
1070,274201,8,467,465,446,533,445,429,456,365
1071,278655,8,615,538,505,628,690,635,488,553
1072,280649,8,619,459,692,581,562,398,593,447
1073,282836,8,483,686,359,576,445,344,391,485
1074,289040,8,607,509,544,408,338,383,411,395
1075,291785,8,455,565,595,516,558,533,466,463
1076,296064,8,443,583,421,426,453,378,401,626
1077,296673,8,464,613,510,570,695,498,464,587
1078,296974,8,487,428,469,613,691,701,597,572
1079,297506,8,621,676,505,588,636,563,555,698
1080,297827,8,626,677,703,582,678,665,513,549
1081,305006,8,548,608,314,532,489,438,723,547
1082,309510,8,434,451,557,528,468,594,384,648
1083,322686,8,528,534,375,541,530,562,554,544
1084,323848,8,694,507,646,639,541,627,543,413
1085,327575,8,437,515,564,506,534,404,516,735
1086,330448,8,473,579,580,514,641,527,485,543
1087,331745,8,512,448,527,628,589,579,418,519
1088,335210,8,436,496,495,575,537,549,488,578
1089,339566,8,392,486,386,389,522,402,354,442
1090,23042,9,438,427,453,445,444,337,583,630
1091,28034,9,674,404,427,447,332,434,540,398
1092,29276,9,500,466,445,547,666,573,506,528
1093,37400,9,537,556,532,469,497,516,516,510
1094,41411,9,518,401,467,509,470,501,561,627
1095,52058,9,430,488,564,468,463,477,500,449
1096,96350,9,430,473,496,543,484,483,600,532
1097,96950,9,583,669,561,548,463,405,599,612
1098,97138,9,504,451,441,490,474,431,517,588
1099,99358,9,432,663,404,669,451,521,534,578
1100,113540,9,487,495,399,559,569,445,535,629
1101,128325,9,587,499,639,460,427,486,431,323
1102,138728,9,474,565,382,521,501,382,473,515
1103,139832,9,443,661,521,495,597,529,381,522
1104,140013,9,637,565,350,365,470,382,539,590
1105,149827,9,610,458,580,604,568,681,384,542
1106,158186,9,568,500,492,530,518,456,457,606
1107,160345,9,532,419,530,554,523,489,595,522
1108,163222,9,456,468,624,518,625,616,401,651
1109,167771,9,485,487,491,483,458,516,462,497
1110,178499,9,485,442,497,549,508,456,385,713
1111,181656,9,555,521,594,570,489,538,391,556
1112,184799,9,567,409,602,451,441,577,471,530
1113,189704,9,507,512,432,498,536,577,428,489
1114,191607,9,480,580,348,529,594,596,491,545
1115,193925,9,561,436,458,554,625,539,732,414
1116,200222,9,565,698,413,367,439,422,596,426
1117,201345,9,510,393,242,479,413,571,554,615
1118,202319,9,498,538,439,537,564,482,550,400
1119,206528,9,507,567,453,565,513,487,505,546
1120,216970,9,458,476,509,485,584,528,420,476
1121,217876,9,609,525,402,504,506,620,459,503
1122,218045,9,441,450,538,453,489,448,492,556
1123,251932,9,443,511,460,479,515,678,540,411
1124,262582,9,551,436,422,439,466,492,335,417
1125,268753,9,543,667,462,596,675,532,417,582
1126,274201,9,467,465,446,533,445,429,456,365
1127,274453,9,448,454,481,675,620,541,516,488
1128,284064,9,468,578,515,544,510,499,512,475
1129,284360,9,555,506,404,547,583,547,421,598
1130,288298,9,508,515,415,385,387,516,524,490
1131,291761,9,446,476,457,389,425,374,550,264
1132,297413,9,528,461,442,495,535,681,492,484
1133,298263,9,441,455,516,520,546,456,524,596
1134,298749,9,470,387,535,500,487,571,390,589
1135,299621,9,534,429,484,661,560,506,441,544
1136,299952,9,444,447,375,421,450,436,576,346
1137,302058,9,546,634,356,758,667,494,351,498
1138,310462,9,546,501,456,514,515,539,500,550
1139,310752,9,398,520,470,415,519,572,646,381
1140,312102,9,454,546,534,450,574,598,539,388
1141,313413,9,343,588,676,525,568,599,464,560
1142,321422,9,521,372,345,475,342,603,417,333
1143,323473,9,482,409,382,439,540,527,675,508
1144,329919,9,553,439,472,579,457,466,493,523
1145,331557,9,553,704,564,473,514,387,527,549
1146,332364,9,500,538,515,614,468,569,418,495
1147,332807,9,453,528,292,501,622,628,641,629
1148,332836,9,556,498,370,559,425,558,563,473
1149,336515,9,625,458,625,416,494,499,498,334
1150,4337,10,497,430,452,496,486,580,523,566
1151,16257,10,529,542,438,520,486,533,488,460
1152,42975,10,652,781,551,607,749,863,628,655
1153,45618,10,424,432,379,539,473,481,483,495
1154,47394,10,541,419,560,532,516,590,627,589
1155,47539,10,281,380,414,520,524,388,485,545
1156,51382,10,557,436,422,474,536,485,578,396
1157,58672,10,691,449,486,463,541,687,562,590
1158,61478,10,534,598,408,476,531,572,507,488
1159,67758,10,464,441,342,479,469,487,363,585
1160,68984,10,402,510,386,535,585,520,747,554
1161,69488,10,469,512,594,577,641,569,632,498
1162,82768,10,444,640,601,463,480,613,513,474
1163,110932,10,474,394,384,460,631,627,483,626
1164,117283,10,667,475,563,688,686,646,381,559
1165,130311,10,604,626,609,535,547,491,561,607
1166,132539,10,546,398,484,514,559,526,520,507
1167,142346,10,510,534,566,587,570,625,457,567
1168,143127,10,639,536,431,567,578,531,435,594
1169,144466,10,432,782,310,527,618,524,476,642
1170,144824,10,561,684,519,599,579,650,435,447
1171,149636,10,491,681,538,452,449,522,433,555
1172,154664,10,483,644,381,486,523,465,535,456
1173,156002,10,408,429,395,251,238,482,546,542
1174,156086,10,545,515,632,685,499,430,740,568
1175,168111,10,390,423,403,587,608,569,465,567
1176,169017,10,469,468,544,587,467,540,447,497
1177,180134,10,417,544,379,582,477,559,572,518
1178,183984,10,512,542,567,517,405,494,496,703
1179,195317,10,535,432,465,811,553,636,611,476
1180,196424,10,525,595,519,490,497,478,412,512
1181,197523,10,573,508,422,514,602,542,455,498
1182,198924,10,411,436,434,442,524,553,544,455
1183,208481,10,435,515,431,477,556,558,566,556
1184,218049,10,365,581,427,632,407,336,602,483
1185,220278,10,502,463,433,452,557,551,464,485
1186,221234,10,454,742,567,657,500,513,507,453
1187,222057,10,528,456,423,649,490,592,408,696
1188,223112,10,552,435,557,556,417,542,557,537
1189,237129,10,395,478,501,368,398,335,498,436
1190,239087,10,547,581,542,604,519,632,512,549
1191,239647,10,536,332,386,543,379,376,387,399
1192,243376,10,459,463,514,513,548,535,459,508
1193,245986,10,492,570,546,629,707,622,599,544
1194,273975,10,597,514,563,532,498,565,525,514
1195,275809,10,693,525,561,632,640,690,542,633
1196,281426,10,570,576,544,587,606,670,559,635
1197,289489,10,422,510,543,533,432,532,502,508
1198,297312,10,454,490,688,560,533,614,546,536
1199,297973,10,432,492,456,510,516,643,589,565
1200,299825,10,457,420,607,430,577,450,519,528
1201,299854,10,349,647,518,423,485,483,793,685
1202,300486,10,462,467,462,538,653,567,603,765
1203,307245,10,518,600,612,556,634,570,446,520
1204,308693,10,473,488,570,460,398,471,803,368
1205,309909,10,510,731,536,553,602,420,473,501
1206,312140,10,538,566,430,530,571,701,502,631
1207,314804,10,629,445,538,630,642,577,420,514
1208,320667,10,514,555,560,597,468,455,574,495
1209,323211,10,674,568,537,633,518,554,614,640
1210,323600,10,608,512,624,434,607,470,626,504
1211,328386,10,552,481,633,542,475,571,503,617
1212,328410,10,523,434,527,587,450,608,558,540
1213,332339,10,497,423,400,511,451,533,556,408
1214,470,11,514,650,525,595,649,648,522,544
1215,22196,11,528,560,473,570,484,630,559,460
1216,30687,11,442,673,495,592,583,626,475,564
1217,37071,11,467,483,692,548,577,758,711,521
1218,37798,11,554,503,608,652,562,738,497,513
1219,38255,11,651,459,666,678,553,622,519,624
1220,41081,11,455,589,617,498,562,610,489,583
1221,42397,11,501,418,652,582,640,702,699,464
1222,44205,11,560,600,528,550,654,599,594,594
1223,53677,11,615,527,597,719,703,610,576,479
1224,54353,11,459,484,691,690,657,677,649,550
1225,54998,11,341,553,613,584,621,706,536,573
1226,55010,11,601,495,596,515,602,553,603,496
1227,59046,11,474,467,414,619,584,438,662,517
1228,59696,11,492,475,548,593,582,544,621,511
1229,59933,11,495,533,563,580,540,681,534,504
1230,60462,11,548,471,597,561,519,549,537,501
1231,60557,11,484,537,422,570,428,510,570,622
1232,61655,11,485,696,501,381,516,451,585,469
1233,66492,11,600,537,503,600,610,569,598,440
1234,70208,11,612,755,474,494,590,582,606,568
1235,70218,11,605,544,484,556,597,457,547,603
1236,73519,11,414,602,467,458,417,407,421,447
1237,79585,11,532,343,454,531,638,302,442,699
1238,80216,11,581,535,638,524,618,683,512,678
1239,81004,11,588,514,591,501,503,550,505,504
1240,84551,11,679,516,624,547,693,587,556,556
1241,86373,11,534,588,345,651,595,630,440,660
1242,95555,11,493,521,586,797,545,546,614,562
1243,96986,11,599,561,488,634,479,565,504,448
1244,105816,11,510,546,570,423,657,587,572,550
1245,105869,11,689,367,581,655,613,559,567,533
1246,105875,11,422,577,504,675,691,672,490,529
1247,108178,11,554,550,637,644,593,642,411,478
1248,108448,11,568,712,568,631,620,561,725,484
1249,109243,11,660,593,681,631,644,786,637,581
1250,109441,11,405,613,447,579,630,777,565,576
1251,109680,11,618,530,451,570,634,695,393,742
1252,109720,11,590,533,431,592,677,464,529,607
1253,111131,11,412,539,573,523,504,576,664,322
1254,112731,11,409,561,549,598,575,642,704,593
1255,115888,11,508,537,536,436,597,822,550,514
1256,117693,11,537,452,487,458,531,572,516,520
1257,118099,11,541,512,530,411,653,634,603,605
1258,122209,11,453,661,504,510,544,616,575,560
1259,124801,11,497,515,596,672,500,435,603,509
1260,127762,11,621,458,553,631,506,345,624,345
1261,128205,11,438,546,428,394,456,493,425,553
1262,133292,11,369,435,526,458,562,510,507,452
1263,136472,11,661,563,746,565,593,675,365,375
1264,137699,11,636,626,507,612,565,387,475,501
1265,139880,11,488,382,690,532,524,555,423,565
1266,142271,11,607,468,562,690,626,644,529,556
1267,144466,11,432,782,310,527,618,524,476,642
1268,148794,11,556,470,547,647,619,534,471,631
1269,150326,11,694,545,526,572,513,537,602,528
1270,157408,11,455,551,618,554,623,668,446,628
1271,159996,11,429,486,584,519,469,398,691,497
1272,161679,11,716,526,509,595,573,545,615,544
1273,162301,11,566,417,522,621,677,500,485,567
1274,162998,11,323,347,528,683,700,529,364,660
1275,165521,11,394,511,491,651,608,609,572,728
1276,169017,11,469,468,544,587,467,540,447,497
1277,170049,11,446,489,468,528,628,525,591,484
1278,170451,11,631,592,433,597,445,337,469,417
1279,172188,11,468,387,590,407,478,412,524,528
1280,176571,11,509,492,589,432,506,610,502,558
1281,178639,11,462,417,555,520,565,634,416,534
1282,181928,11,633,493,490,636,657,487,466,498
1283,183984,11,512,542,567,517,405,494,496,703
1284,184532,11,556,621,532,572,554,581,585,604
1285,191023,11,487,456,550,510,602,603,819,527
1286,196890,11,471,495,529,542,464,699,541,489
1287,197309,11,542,620,629,612,581,434,556,603
1288,200241,11,511,615,588,691,578,660,634,646
1289,203778,11,489,564,453,572,538,495,468,474
1290,208270,11,402,369,381,576,491,505,347,337
1291,209921,11,444,486,644,477,477,564,575,503
1292,211530,11,324,401,614,418,479,623,502,471
1293,213994,11,563,449,388,494,507,418,556,557
1294,215927,11,453,533,406,418,535,468,461,348
1295,218329,11,416,396,389,473,643,696,712,633
1296,218348,11,455,489,566,639,609,386,543,599
1297,219627,11,605,718,550,536,565,480,624,557
1298,220602,11,418,408,592,679,638,274,490,521
1299,221236,11,446,520,474,430,547,552,584,388
1300,221606,11,587,486,521,604,686,631,508,545
1301,222048,11,573,572,486,457,493,617,491,630
1302,224411,11,561,357,296,543,433,514,449,388
1303,227420,11,495,516,423,394,434,580,458,535
1304,231079,11,534,558,652,597,603,685,436,514
1305,237680,11,530,484,366,592,660,528,625,409
1306,249123,11,448,511,561,747,677,592,416,678
1307,249180,11,671,587,518,552,502,271,376,508
1308,249614,11,295,528,421,362,494,362,492,493
1309,252500,11,643,546,608,773,655,649,585,668
1310,253358,11,508,646,535,559,583,528,460,563
1311,259150,11,612,537,393,604,635,598,459,661
1312,259517,11,505,617,574,587,660,523,560,573
1313,259806,11,538,441,492,713,489,286,327,394
1314,260366,11,429,644,541,631,561,564,508,361
1315,262137,11,495,590,347,536,664,584,558,642
1316,267488,11,595,577,652,665,617,669,352,468
1317,273975,11,597,514,563,532,498,565,525,514
1318,279577,11,555,445,459,556,536,451,531,584
1319,279908,11,485,595,526,434,474,496,581,477
1320,281809,11,529,489,431,430,453,401,447,539
1321,286834,11,453,591,553,627,649,557,302,539
1322,289222,11,469,398,475,507,617,691,496,571
1323,289489,11,422,510,543,533,432,532,502,508
1324,289568,11,462,488,584,609,708,626,537,540
1325,303570,11,489,545,250,531,417,523,461,574
1326,303768,11,443,674,408,623,556,576,543,588
1327,305529,11,540,544,681,493,526,647,719,546
1328,311418,11,580,484,441,553,541,545,507,398
1329,311770,11,455,517,516,606,716,674,480,582
1330,314829,11,497,494,487,511,601,384,513,533
1331,315315,11,523,634,310,381,450,453,425,425
1332,317096,11,401,659,488,700,668,657,454,508
1333,323211,11,674,568,537,633,518,554,614,640
1334,325141,11,667,460,504,696,665,471,374,493
1335,330170,11,440,423,667,703,540,619,514,471
1336,330448,11,473,579,580,514,641,527,485,543
1337,331177,11,565,559,427,767,512,619,534,516
1338,334695,11,534,418,399,681,618,542,539,504
1339,341989,11,469,441,411,671,470,387,404,559
1340,2592,12,491,410,530,627,584,649,482,471
1341,4908,12,541,683,638,582,627,541,481,696
1342,10451,12,516,519,487,420,708,380,510,690
1343,11960,12,667,491,515,535,522,614,388,570
1344,12035,12,694,436,468,677,685,632,484,544
1345,14492,12,620,517,570,456,736,589,824,582
1346,18766,12,485,501,463,600,668,527,490,598
1347,24113,12,522,534,516,568,590,466,441,458
1348,36681,12,457,450,423,481,495,680,581,498
1349,38966,12,602,493,525,569,585,423,547,328
1350,39183,12,574,513,589,605,638,634,523,503
1351,40147,12,498,540,507,493,500,569,580,506
1352,43883,12,551,714,550,612,637,432,670,529
1353,49761,12,537,594,515,657,647,615,590,569
1354,51290,12,449,468,604,533,670,838,566,549
1355,54125,12,595,579,395,472,403,276,494,423
1356,55168,12,656,741,573,521,735,615,564,598
1357,55305,12,457,585,659,556,668,630,512,566
1358,57122,12,509,345,332,503,514,557,648,507
1359,58080,12,456,710,575,738,561,556,459,580
1360,61812,12,437,623,474,673,719,620,691,492
1361,62483,12,560,479,380,666,676,609,364,428
1362,62542,12,499,602,379,529,668,648,550,571
1363,65117,12,462,470,404,571,535,578,511,581
1364,65507,12,565,664,654,518,612,402,582,583
1365,71863,12,436,511,547,601,554,529,606,543
1366,77256,12,447,554,384,421,547,621,434,597
1367,80190,12,536,769,504,581,651,665,672,558
1368,86721,12,541,565,515,681,544,614,481,490
1369,86756,12,600,521,473,669,700,642,599,706
1370,87934,12,698,729,627,509,543,516,493,669
1371,89752,12,520,505,539,761,721,411,501,613
1372,90702,12,549,495,330,456,595,556,750,477
1373,92373,12,456,358,524,417,554,525,511,484
1374,92799,12,585,593,515,656,622,530,560,571
1375,93137,12,604,553,489,552,518,643,390,528
1376,93720,12,544,572,546,682,542,560,660,332
1377,101023,12,506,596,586,592,614,561,499,509
1378,104915,12,475,506,471,570,506,505,610,460
1379,108191,12,620,598,511,725,519,643,661,566
1380,110744,12,552,543,667,558,588,691,587,592
1381,112564,12,481,568,471,430,580,363,545,591
1382,114730,12,518,604,528,572,534,627,508,647
1383,115528,12,416,566,499,540,519,544,503,558
1384,116388,12,532,578,690,596,592,532,581,361
1385,121064,12,546,449,522,620,399,618,659,478
1386,124886,12,531,612,489,580,559,614,466,614
1387,125108,12,399,672,731,619,709,772,592,692
1388,127547,12,583,541,710,606,663,510,478,633
1389,127791,12,507,578,442,508,561,432,486,509
1390,128880,12,540,571,378,518,584,487,395,649
1391,130638,12,440,572,396,438,551,595,416,576
1392,137311,12,491,620,709,546,678,722,615,651
1393,138712,12,419,559,473,640,649,644,637,572
1394,143191,12,674,577,433,565,554,586,438,595
1395,151266,12,456,495,564,629,708,556,472,613
1396,151398,12,485,695,467,375,494,511,425,383
1397,157946,12,497,577,403,526,605,492,719,465
1398,159471,12,434,505,657,613,541,495,407,487
1399,162325,12,544,607,592,618,691,679,470,640
1400,162461,12,456,472,445,552,524,564,476,432
1401,164727,12,394,540,697,648,564,709,564,635
1402,166794,12,415,518,507,661,475,582,549,500
1403,169268,12,658,663,705,525,547,590,521,603
1404,174448,12,621,696,560,723,618,697,463,570
1405,179005,12,694,650,566,613,594,613,473,448
1406,179481,12,518,516,548,554,627,649,515,608
1407,186038,12,500,525,461,693,669,628,431,415
1408,189716,12,482,437,385,439,414,474,591,609
1409,195892,12,531,808,614,577,538,650,414,520
1410,199389,12,538,728,433,668,567,626,643,537
1411,200976,12,411,578,482,414,483,467,579,553
1412,201810,12,569,562,597,615,464,738,435,447
1413,204233,12,667,684,596,533,570,633,598,583
1414,205591,12,415,418,432,467,529,392,470,525
1415,207140,12,435,518,382,491,440,517,482,524
1416,212667,12,486,655,597,681,553,546,529,455
1417,214559,12,468,560,422,489,561,680,692,573
1418,215743,12,483,614,441,652,552,565,540,530
1419,216802,12,479,491,517,437,475,522,466,537
1420,217635,12,595,502,468,641,567,550,513,497
1421,227887,12,514,431,265,655,453,531,494,578
1422,228229,12,516,589,593,538,592,570,685,486
1423,229246,12,452,615,557,575,628,574,588,501
1424,232100,12,623,374,609,712,506,395,523,363
1425,235222,12,612,508,565,505,621,518,416,678
1426,247264,12,482,424,453,536,601,439,634,449
1427,251606,12,357,462,379,521,607,588,424,366
1428,251679,12,590,572,548,616,726,635,499,659
1429,253616,12,679,568,563,733,633,622,459,596
1430,256940,12,632,347,492,374,354,479,446,373
1431,257007,12,388,567,580,665,634,567,524,457
1432,257351,12,487,521,459,587,512,574,358,506
1433,260914,12,485,389,440,772,593,547,479,676
1434,263345,12,497,542,411,443,442,480,391,453
1435,271070,12,401,476,572,419,527,430,445,476
1436,271984,12,551,641,532,646,527,699,546,494
1437,272761,12,719,542,503,631,562,684,475,757
1438,274844,12,494,482,699,543,647,625,441,639
1439,274908,12,473,552,437,412,452,476,467,412
1440,278849,12,405,465,448,469,602,419,426,521
1441,282508,12,543,551,507,573,547,645,487,620
1442,283267,12,583,456,759,576,704,674,478,530
1443,286582,12,511,490,412,518,439,446,491,438
1444,287954,12,670,412,564,711,741,712,461,708
1445,288211,12,695,586,599,638,737,700,533,597
1446,292670,12,647,502,527,468,645,566,543,548
1447,297661,12,550,530,600,570,540,560,520,530
1448,298487,12,440,625,475,559,619,737,525,539
1449,299379,12,704,703,708,533,775,778,402,636
1450,299912,12,586,665,694,552,605,589,599,639
1451,302475,12,696,402,565,487,528,411,439,547
1452,307154,12,572,437,573,508,580,511,472,628
1453,307331,12,593,437,487,470,512,584,461,579
1454,308950,12,704,627,575,527,591,729,681,487
1455,310098,12,419,669,552,408,492,381,504,326
1456,312605,12,463,497,304,634,440,605,608,481
1457,313529,12,580,445,397,507,544,493,699,477
1458,316293,12,462,601,521,651,614,589,742,582
1459,318868,12,565,497,595,628,503,690,399,437
1460,320378,12,477,459,516,542,605,484,543,576
1461,322363,12,427,471,716,451,489,625,802,568
1462,328026,12,481,789,414,592,556,465,592,398
1463,332836,12,556,498,370,559,425,558,563,473
1464,333373,12,714,436,439,438,558,617,620,481
1465,336228,12,439,622,566,614,585,739,356,483
1466,339393,12,486,535,541,387,393,557,482,464
